title,type,keywordDifficulty,searchVolume,status
AI consulting firms comparison 2026,Product Listicle,5,320,draft
How to choose the right AI consultant for your business,How To,3,420,draft
Enterprise AI implementation roadmap guide,Guide,4,280,draft
Best generative AI consulting services,Product Listicle,6,480,draft
AI readiness assessment: Complete checklist,How To,4,180,draft
Machine learning consulting costs breakdown,Explainer,5,290,draft
Top AI strategy consultants for startups,Product Listicle,4,290,draft
ChatGPT enterprise implementation guide,Guide,5,620,draft
AI consulting vs building in-house AI teams,Explainer,4,220,draft
Custom AI solution providers comparison,Product Listicle,6,180,draft
How to prepare your organization for AI consulting,How To,2,180,draft
AI workflow automation consulting services,Product Listicle,4,320,draft
LLM deployment best practices guide,Guide,7,240,draft
AI consulting ROI: What to expect,Explainer,4,150,draft
Healthcare AI consulting firms ranked,Product Listicle,6,190,draft
AI strategy consulting frameworks explained,Explainer,5,260,draft
Enterprise AI pilot program planning,Guide,5,210,draft
AI integration best practices for enterprises,Guide,3,410,draft
Selecting AI consultants: Red flags to avoid,How To,3,340,draft
AI transformation services market overview,Explainer,5,190,draft
